hiperparam_ind_conv,problema,n_objetivos,indicador,Medias_Distintas
IGD+,DTLZ1,2,eps+,0.0
R2,DTLZ1,2,eps+,0.0
IGD+,DTLZ1,2,hv,0.0
R2,DTLZ1,2,hv,0.0
IGD+,DTLZ1,2,igd,0.0
R2,DTLZ1,2,igd,0.0
IGD+,DTLZ1,2,igd+,0.0
R2,DTLZ1,2,igd+,0.0
IGD+,DTLZ1,2,r2,0.0
R2,DTLZ1,2,r2,0.0
IGD+,DTLZ1,2,s-energy,0.0
R2,DTLZ1,2,s-energy,0.0
IGD+,DTLZ1,2,spd,0.0
R2,DTLZ1,2,spd,0.0
IGD+,DTLZ2,2,eps+,0.0
R2,DTLZ2,2,eps+,0.0
IGD+,DTLZ2,2,hv,0.0
R2,DTLZ2,2,hv,0.0
IGD+,DTLZ2,2,igd,0.0
R2,DTLZ2,2,igd,0.0
IGD+,DTLZ2,2,igd+,0.0
R2,DTLZ2,2,igd+,0.0
IGD+,DTLZ2,2,r2,0.0
R2,DTLZ2,2,r2,0.0
IGD+,DTLZ2,2,s-energy,1.0
R2,DTLZ2,2,s-energy,0.0
IGD+,DTLZ2,2,spd,1.0
R2,DTLZ2,2,spd,0.0
IGD+,DTLZ3,2,eps+,0.0
R2,DTLZ3,2,eps+,0.0
IGD+,DTLZ3,2,hv,0.0
R2,DTLZ3,2,hv,0.0
IGD+,DTLZ3,2,igd,0.0
R2,DTLZ3,2,igd,0.0
IGD+,DTLZ3,2,igd+,0.0
R2,DTLZ3,2,igd+,0.0
IGD+,DTLZ3,2,r2,0.0
R2,DTLZ3,2,r2,0.0
IGD+,DTLZ3,2,s-energy,0.0
R2,DTLZ3,2,s-energy,0.0
IGD+,DTLZ3,2,spd,0.0
R2,DTLZ3,2,spd,0.0
IGD+,DTLZ4,2,eps+,0.0
R2,DTLZ4,2,eps+,0.0
IGD+,DTLZ4,2,hv,0.0
R2,DTLZ4,2,hv,0.0
IGD+,DTLZ4,2,igd,0.0
R2,DTLZ4,2,igd,0.0
IGD+,DTLZ4,2,igd+,0.0
R2,DTLZ4,2,igd+,0.0
IGD+,DTLZ4,2,r2,0.0
R2,DTLZ4,2,r2,0.0
IGD+,DTLZ4,2,s-energy,0.0
R2,DTLZ4,2,s-energy,0.0
IGD+,DTLZ4,2,spd,0.0
R2,DTLZ4,2,spd,0.0
IGD+,DTLZ5,2,eps+,1.0
R2,DTLZ5,2,eps+,0.0
IGD+,DTLZ5,2,hv,0.0
R2,DTLZ5,2,hv,0.0
IGD+,DTLZ5,2,igd,0.0
R2,DTLZ5,2,igd,0.0
IGD+,DTLZ5,2,igd+,0.0
R2,DTLZ5,2,igd+,0.0
IGD+,DTLZ5,2,r2,0.0
R2,DTLZ5,2,r2,0.0
IGD+,DTLZ5,2,s-energy,1.0
R2,DTLZ5,2,s-energy,0.0
IGD+,DTLZ5,2,spd,1.0
R2,DTLZ5,2,spd,0.0
IGD+,DTLZ6,2,eps+,0.0
R2,DTLZ6,2,eps+,0.0
IGD+,DTLZ6,2,hv,1.0
R2,DTLZ6,2,hv,0.0
IGD+,DTLZ6,2,igd,0.0
R2,DTLZ6,2,igd,0.0
IGD+,DTLZ6,2,igd+,1.0
R2,DTLZ6,2,igd+,0.0
IGD+,DTLZ6,2,r2,0.0
R2,DTLZ6,2,r2,0.0
IGD+,DTLZ6,2,s-energy,1.0
R2,DTLZ6,2,s-energy,0.0
IGD+,DTLZ6,2,spd,1.0
R2,DTLZ6,2,spd,0.0
IGD+,DTLZ7,2,eps+,0.0
R2,DTLZ7,2,eps+,0.0
IGD+,DTLZ7,2,hv,1.0
R2,DTLZ7,2,hv,0.0
IGD+,DTLZ7,2,igd,0.0
R2,DTLZ7,2,igd,0.0
IGD+,DTLZ7,2,igd+,0.0
R2,DTLZ7,2,igd+,0.0
IGD+,DTLZ7,2,r2,0.0
R2,DTLZ7,2,r2,0.0
IGD+,DTLZ7,2,s-energy,0.0
R2,DTLZ7,2,s-energy,0.0
IGD+,DTLZ7,2,spd,0.0
R2,DTLZ7,2,spd,0.0
IGD+,WFG1,2,eps+,0.0
R2,WFG1,2,eps+,0.0
IGD+,WFG1,2,hv,0.0
R2,WFG1,2,hv,0.0
IGD+,WFG1,2,igd,0.0
R2,WFG1,2,igd,0.0
IGD+,WFG1,2,igd+,0.0
R2,WFG1,2,igd+,0.0
IGD+,WFG1,2,r2,0.0
R2,WFG1,2,r2,0.0
IGD+,WFG1,2,s-energy,0.0
R2,WFG1,2,s-energy,0.0
IGD+,WFG1,2,spd,0.0
R2,WFG1,2,spd,0.0
IGD+,WFG2,2,eps+,0.0
R2,WFG2,2,eps+,0.0
IGD+,WFG2,2,hv,0.0
R2,WFG2,2,hv,0.0
IGD+,WFG2,2,igd,0.0
R2,WFG2,2,igd,0.0
IGD+,WFG2,2,igd+,0.0
R2,WFG2,2,igd+,0.0
IGD+,WFG2,2,r2,0.0
R2,WFG2,2,r2,0.0
IGD+,WFG2,2,s-energy,0.0
R2,WFG2,2,s-energy,0.0
IGD+,WFG2,2,spd,0.0
R2,WFG2,2,spd,0.0
IGD+,WFG3,2,eps+,0.0
R2,WFG3,2,eps+,0.0
IGD+,WFG3,2,hv,0.0
R2,WFG3,2,hv,0.0
IGD+,WFG3,2,igd,0.0
R2,WFG3,2,igd,0.0
IGD+,WFG3,2,igd+,0.0
R2,WFG3,2,igd+,0.0
IGD+,WFG3,2,r2,0.0
R2,WFG3,2,r2,0.0
IGD+,WFG3,2,s-energy,0.0
R2,WFG3,2,s-energy,0.0
IGD+,WFG3,2,spd,0.0
R2,WFG3,2,spd,0.0
IGD+,WFG4,2,eps+,1.0
R2,WFG4,2,eps+,0.0
IGD+,WFG4,2,hv,1.0
R2,WFG4,2,hv,0.0
IGD+,WFG4,2,igd,1.0
R2,WFG4,2,igd,0.0
IGD+,WFG4,2,igd+,1.0
R2,WFG4,2,igd+,0.0
IGD+,WFG4,2,r2,0.0
R2,WFG4,2,r2,0.0
IGD+,WFG4,2,s-energy,0.0
R2,WFG4,2,s-energy,0.0
IGD+,WFG4,2,spd,1.0
R2,WFG4,2,spd,0.0
IGD+,WFG5,2,eps+,0.0
R2,WFG5,2,eps+,0.0
IGD+,WFG5,2,hv,0.0
R2,WFG5,2,hv,0.0
IGD+,WFG5,2,igd,0.0
R2,WFG5,2,igd,0.0
IGD+,WFG5,2,igd+,0.0
R2,WFG5,2,igd+,0.0
IGD+,WFG5,2,r2,0.0
R2,WFG5,2,r2,0.0
IGD+,WFG5,2,s-energy,0.0
R2,WFG5,2,s-energy,1.0
IGD+,WFG5,2,spd,0.0
R2,WFG5,2,spd,0.0
IGD+,WFG6,2,eps+,1.0
R2,WFG6,2,eps+,0.0
IGD+,WFG6,2,hv,0.0
R2,WFG6,2,hv,0.0
IGD+,WFG6,2,igd,0.0
R2,WFG6,2,igd,0.0
IGD+,WFG6,2,igd+,0.0
R2,WFG6,2,igd+,0.0
IGD+,WFG6,2,r2,0.0
R2,WFG6,2,r2,0.0
IGD+,WFG6,2,s-energy,1.0
R2,WFG6,2,s-energy,0.0
IGD+,WFG6,2,spd,0.0
R2,WFG6,2,spd,0.0
IGD+,WFG7,2,eps+,1.0
R2,WFG7,2,eps+,0.0
IGD+,WFG7,2,hv,1.0
R2,WFG7,2,hv,0.0
IGD+,WFG7,2,igd,1.0
R2,WFG7,2,igd,0.0
IGD+,WFG7,2,igd+,1.0
R2,WFG7,2,igd+,0.0
IGD+,WFG7,2,r2,1.0
R2,WFG7,2,r2,0.0
IGD+,WFG7,2,s-energy,1.0
R2,WFG7,2,s-energy,0.0
IGD+,WFG7,2,spd,0.0
R2,WFG7,2,spd,0.0
IGD+,WFG8,2,eps+,0.0
R2,WFG8,2,eps+,0.0
IGD+,WFG8,2,hv,0.0
R2,WFG8,2,hv,0.0
IGD+,WFG8,2,igd,0.0
R2,WFG8,2,igd,0.0
IGD+,WFG8,2,igd+,0.0
R2,WFG8,2,igd+,0.0
IGD+,WFG8,2,r2,0.0
R2,WFG8,2,r2,0.0
IGD+,WFG8,2,s-energy,0.0
R2,WFG8,2,s-energy,0.0
IGD+,WFG8,2,spd,0.0
R2,WFG8,2,spd,0.0
IGD+,WFG9,2,eps+,1.0
R2,WFG9,2,eps+,0.0
IGD+,WFG9,2,hv,0.0
R2,WFG9,2,hv,0.0
IGD+,WFG9,2,igd,1.0
R2,WFG9,2,igd,0.0
IGD+,WFG9,2,igd+,0.0
R2,WFG9,2,igd+,0.0
IGD+,WFG9,2,r2,0.0
R2,WFG9,2,r2,0.0
IGD+,WFG9,2,s-energy,0.0
R2,WFG9,2,s-energy,0.0
IGD+,WFG9,2,spd,0.0
R2,WFG9,2,spd,0.0
IGD+,DTLZ1,3,eps+,0.0
R2,DTLZ1,3,eps+,0.0
IGD+,DTLZ1,3,hv,0.0
R2,DTLZ1,3,hv,0.0
IGD+,DTLZ1,3,igd,0.0
R2,DTLZ1,3,igd,0.0
IGD+,DTLZ1,3,igd+,0.0
R2,DTLZ1,3,igd+,0.0
IGD+,DTLZ1,3,r2,0.0
R2,DTLZ1,3,r2,0.0
IGD+,DTLZ1,3,s-energy,0.0
R2,DTLZ1,3,s-energy,0.0
IGD+,DTLZ1,3,spd,0.0
R2,DTLZ1,3,spd,0.0
IGD+,DTLZ2,3,eps+,0.0
R2,DTLZ2,3,eps+,0.0
IGD+,DTLZ2,3,hv,1.0
R2,DTLZ2,3,hv,0.0
IGD+,DTLZ2,3,igd,1.0
R2,DTLZ2,3,igd,0.0
IGD+,DTLZ2,3,igd+,1.0
R2,DTLZ2,3,igd+,0.0
IGD+,DTLZ2,3,r2,1.0
R2,DTLZ2,3,r2,1.0
IGD+,DTLZ2,3,s-energy,1.0
R2,DTLZ2,3,s-energy,0.0
IGD+,DTLZ2,3,spd,1.0
R2,DTLZ2,3,spd,0.0
IGD+,DTLZ3,3,eps+,0.0
R2,DTLZ3,3,eps+,0.0
IGD+,DTLZ3,3,hv,1.0
R2,DTLZ3,3,hv,0.0
IGD+,DTLZ3,3,igd,0.0
R2,DTLZ3,3,igd,0.0
IGD+,DTLZ3,3,igd+,1.0
R2,DTLZ3,3,igd+,0.0
IGD+,DTLZ3,3,r2,0.0
R2,DTLZ3,3,r2,0.0
IGD+,DTLZ3,3,s-energy,1.0
R2,DTLZ3,3,s-energy,0.0
IGD+,DTLZ3,3,spd,1.0
R2,DTLZ3,3,spd,0.0
IGD+,DTLZ4,3,eps+,0.0
R2,DTLZ4,3,eps+,0.0
IGD+,DTLZ4,3,hv,0.0
R2,DTLZ4,3,hv,0.0
IGD+,DTLZ4,3,igd,0.0
R2,DTLZ4,3,igd,0.0
IGD+,DTLZ4,3,igd+,0.0
R2,DTLZ4,3,igd+,0.0
IGD+,DTLZ4,3,r2,0.0
R2,DTLZ4,3,r2,0.0
IGD+,DTLZ4,3,s-energy,0.0
R2,DTLZ4,3,s-energy,0.0
IGD+,DTLZ4,3,spd,0.0
R2,DTLZ4,3,spd,0.0
IGD+,DTLZ5,3,eps+,0.0
R2,DTLZ5,3,eps+,0.0
IGD+,DTLZ5,3,hv,0.0
R2,DTLZ5,3,hv,0.0
IGD+,DTLZ5,3,igd,0.0
R2,DTLZ5,3,igd,0.0
IGD+,DTLZ5,3,igd+,0.0
R2,DTLZ5,3,igd+,0.0
IGD+,DTLZ5,3,r2,0.0
R2,DTLZ5,3,r2,0.0
IGD+,DTLZ5,3,s-energy,0.0
R2,DTLZ5,3,s-energy,0.0
IGD+,DTLZ5,3,spd,0.0
R2,DTLZ5,3,spd,0.0
IGD+,DTLZ6,3,eps+,0.0
R2,DTLZ6,3,eps+,0.0
IGD+,DTLZ6,3,hv,0.0
R2,DTLZ6,3,hv,0.0
IGD+,DTLZ6,3,igd,0.0
R2,DTLZ6,3,igd,0.0
IGD+,DTLZ6,3,igd+,0.0
R2,DTLZ6,3,igd+,0.0
IGD+,DTLZ6,3,r2,0.0
R2,DTLZ6,3,r2,0.0
IGD+,DTLZ6,3,s-energy,0.0
R2,DTLZ6,3,s-energy,0.0
IGD+,DTLZ6,3,spd,0.0
R2,DTLZ6,3,spd,0.0
IGD+,DTLZ7,3,eps+,0.0
R2,DTLZ7,3,eps+,0.0
IGD+,DTLZ7,3,hv,0.0
R2,DTLZ7,3,hv,0.0
IGD+,DTLZ7,3,igd,0.0
R2,DTLZ7,3,igd,0.0
IGD+,DTLZ7,3,igd+,1.0
R2,DTLZ7,3,igd+,0.0
IGD+,DTLZ7,3,r2,0.0
R2,DTLZ7,3,r2,0.0
IGD+,DTLZ7,3,s-energy,0.0
R2,DTLZ7,3,s-energy,0.0
IGD+,DTLZ7,3,spd,0.0
R2,DTLZ7,3,spd,0.0
IGD+,WFG1,3,eps+,1.0
R2,WFG1,3,eps+,0.0
IGD+,WFG1,3,hv,1.0
R2,WFG1,3,hv,1.0
IGD+,WFG1,3,igd,1.0
R2,WFG1,3,igd,1.0
IGD+,WFG1,3,igd+,1.0
R2,WFG1,3,igd+,1.0
IGD+,WFG1,3,r2,1.0
R2,WFG1,3,r2,0.0
IGD+,WFG1,3,s-energy,0.0
R2,WFG1,3,s-energy,0.0
IGD+,WFG1,3,spd,0.0
R2,WFG1,3,spd,0.0
IGD+,WFG2,3,eps+,0.0
R2,WFG2,3,eps+,0.0
IGD+,WFG2,3,hv,0.0
R2,WFG2,3,hv,0.0
IGD+,WFG2,3,igd,0.0
R2,WFG2,3,igd,0.0
IGD+,WFG2,3,igd+,0.0
R2,WFG2,3,igd+,0.0
IGD+,WFG2,3,r2,0.0
R2,WFG2,3,r2,0.0
IGD+,WFG2,3,s-energy,0.0
R2,WFG2,3,s-energy,0.0
IGD+,WFG2,3,spd,0.0
R2,WFG2,3,spd,0.0
IGD+,WFG3,3,eps+,1.0
R2,WFG3,3,eps+,0.0
IGD+,WFG3,3,hv,0.0
R2,WFG3,3,hv,0.0
IGD+,WFG3,3,igd,0.0
R2,WFG3,3,igd,0.0
IGD+,WFG3,3,igd+,1.0
R2,WFG3,3,igd+,0.0
IGD+,WFG3,3,r2,0.0
R2,WFG3,3,r2,0.0
IGD+,WFG3,3,s-energy,0.0
R2,WFG3,3,s-energy,0.0
IGD+,WFG3,3,spd,0.0
R2,WFG3,3,spd,0.0
IGD+,WFG4,3,eps+,0.0
R2,WFG4,3,eps+,0.0
IGD+,WFG4,3,hv,1.0
R2,WFG4,3,hv,0.0
IGD+,WFG4,3,igd,1.0
R2,WFG4,3,igd,0.0
IGD+,WFG4,3,igd+,1.0
R2,WFG4,3,igd+,0.0
IGD+,WFG4,3,r2,1.0
R2,WFG4,3,r2,0.0
IGD+,WFG4,3,s-energy,1.0
R2,WFG4,3,s-energy,0.0
IGD+,WFG4,3,spd,1.0
R2,WFG4,3,spd,0.0
IGD+,WFG5,3,eps+,0.0
R2,WFG5,3,eps+,0.0
IGD+,WFG5,3,hv,1.0
R2,WFG5,3,hv,0.0
IGD+,WFG5,3,igd,1.0
R2,WFG5,3,igd,0.0
IGD+,WFG5,3,igd+,1.0
R2,WFG5,3,igd+,0.0
IGD+,WFG5,3,r2,1.0
R2,WFG5,3,r2,0.0
IGD+,WFG5,3,s-energy,1.0
R2,WFG5,3,s-energy,0.0
IGD+,WFG5,3,spd,1.0
R2,WFG5,3,spd,0.0
IGD+,WFG6,3,eps+,1.0
R2,WFG6,3,eps+,0.0
IGD+,WFG6,3,hv,1.0
R2,WFG6,3,hv,0.0
IGD+,WFG6,3,igd,1.0
R2,WFG6,3,igd,0.0
IGD+,WFG6,3,igd+,1.0
R2,WFG6,3,igd+,0.0
IGD+,WFG6,3,r2,1.0
R2,WFG6,3,r2,0.0
IGD+,WFG6,3,s-energy,0.0
R2,WFG6,3,s-energy,0.0
IGD+,WFG6,3,spd,0.0
R2,WFG6,3,spd,0.0
IGD+,WFG7,3,eps+,0.0
R2,WFG7,3,eps+,0.0
IGD+,WFG7,3,hv,1.0
R2,WFG7,3,hv,0.0
IGD+,WFG7,3,igd,1.0
R2,WFG7,3,igd,0.0
IGD+,WFG7,3,igd+,1.0
R2,WFG7,3,igd+,0.0
IGD+,WFG7,3,r2,0.0
R2,WFG7,3,r2,0.0
IGD+,WFG7,3,s-energy,1.0
R2,WFG7,3,s-energy,0.0
IGD+,WFG7,3,spd,1.0
R2,WFG7,3,spd,0.0
IGD+,WFG8,3,eps+,1.0
R2,WFG8,3,eps+,0.0
IGD+,WFG8,3,hv,1.0
R2,WFG8,3,hv,0.0
IGD+,WFG8,3,igd,1.0
R2,WFG8,3,igd,1.0
IGD+,WFG8,3,igd+,1.0
R2,WFG8,3,igd+,0.0
IGD+,WFG8,3,r2,0.0
R2,WFG8,3,r2,0.0
IGD+,WFG8,3,s-energy,1.0
R2,WFG8,3,s-energy,0.0
IGD+,WFG8,3,spd,1.0
R2,WFG8,3,spd,0.0
IGD+,WFG9,3,eps+,1.0
R2,WFG9,3,eps+,0.0
IGD+,WFG9,3,hv,1.0
R2,WFG9,3,hv,0.0
IGD+,WFG9,3,igd,1.0
R2,WFG9,3,igd,0.0
IGD+,WFG9,3,igd+,1.0
R2,WFG9,3,igd+,0.0
IGD+,WFG9,3,r2,1.0
R2,WFG9,3,r2,0.0
IGD+,WFG9,3,s-energy,1.0
R2,WFG9,3,s-energy,0.0
IGD+,WFG9,3,spd,1.0
R2,WFG9,3,spd,0.0
IGD+,DTLZ1,4,eps+,0.0
R2,DTLZ1,4,eps+,0.0
IGD+,DTLZ1,4,hv,0.0
R2,DTLZ1,4,hv,0.0
IGD+,DTLZ1,4,igd,0.0
R2,DTLZ1,4,igd,0.0
IGD+,DTLZ1,4,igd+,0.0
R2,DTLZ1,4,igd+,0.0
IGD+,DTLZ1,4,r2,0.0
R2,DTLZ1,4,r2,0.0
IGD+,DTLZ1,4,s-energy,0.0
R2,DTLZ1,4,s-energy,0.0
IGD+,DTLZ1,4,spd,0.0
R2,DTLZ1,4,spd,0.0
IGD+,DTLZ2,4,eps+,1.0
R2,DTLZ2,4,eps+,0.0
IGD+,DTLZ2,4,hv,1.0
R2,DTLZ2,4,hv,0.0
IGD+,DTLZ2,4,igd,1.0
R2,DTLZ2,4,igd,0.0
IGD+,DTLZ2,4,igd+,1.0
R2,DTLZ2,4,igd+,0.0
IGD+,DTLZ2,4,r2,1.0
R2,DTLZ2,4,r2,0.0
IGD+,DTLZ2,4,s-energy,1.0
R2,DTLZ2,4,s-energy,0.0
IGD+,DTLZ2,4,spd,1.0
R2,DTLZ2,4,spd,0.0
IGD+,DTLZ3,4,eps+,1.0
R2,DTLZ3,4,eps+,0.0
IGD+,DTLZ3,4,hv,1.0
R2,DTLZ3,4,hv,0.0
IGD+,DTLZ3,4,igd,0.0
R2,DTLZ3,4,igd,0.0
IGD+,DTLZ3,4,igd+,1.0
R2,DTLZ3,4,igd+,0.0
IGD+,DTLZ3,4,r2,1.0
R2,DTLZ3,4,r2,0.0
IGD+,DTLZ3,4,s-energy,1.0
R2,DTLZ3,4,s-energy,1.0
IGD+,DTLZ3,4,spd,1.0
R2,DTLZ3,4,spd,0.0
IGD+,DTLZ4,4,eps+,0.0
R2,DTLZ4,4,eps+,0.0
IGD+,DTLZ4,4,hv,0.0
R2,DTLZ4,4,hv,0.0
IGD+,DTLZ4,4,igd,0.0
R2,DTLZ4,4,igd,0.0
IGD+,DTLZ4,4,igd+,0.0
R2,DTLZ4,4,igd+,0.0
IGD+,DTLZ4,4,r2,0.0
R2,DTLZ4,4,r2,0.0
IGD+,DTLZ4,4,s-energy,0.0
R2,DTLZ4,4,s-energy,0.0
IGD+,DTLZ4,4,spd,0.0
R2,DTLZ4,4,spd,0.0
IGD+,DTLZ5,4,eps+,0.0
R2,DTLZ5,4,eps+,0.0
IGD+,DTLZ5,4,hv,0.0
R2,DTLZ5,4,hv,0.0
IGD+,DTLZ5,4,igd,0.0
R2,DTLZ5,4,igd,0.0
IGD+,DTLZ5,4,igd+,0.0
R2,DTLZ5,4,igd+,0.0
IGD+,DTLZ5,4,r2,0.0
R2,DTLZ5,4,r2,0.0
IGD+,DTLZ5,4,s-energy,0.0
R2,DTLZ5,4,s-energy,1.0
IGD+,DTLZ5,4,spd,0.0
R2,DTLZ5,4,spd,1.0
IGD+,DTLZ6,4,eps+,0.0
R2,DTLZ6,4,eps+,0.0
IGD+,DTLZ6,4,hv,0.0
R2,DTLZ6,4,hv,0.0
IGD+,DTLZ6,4,igd,0.0
R2,DTLZ6,4,igd,0.0
IGD+,DTLZ6,4,igd+,0.0
R2,DTLZ6,4,igd+,0.0
IGD+,DTLZ6,4,r2,0.0
R2,DTLZ6,4,r2,0.0
IGD+,DTLZ6,4,s-energy,0.0
R2,DTLZ6,4,s-energy,1.0
IGD+,DTLZ6,4,spd,0.0
R2,DTLZ6,4,spd,0.0
IGD+,DTLZ7,4,eps+,0.0
R2,DTLZ7,4,eps+,0.0
IGD+,DTLZ7,4,hv,1.0
R2,DTLZ7,4,hv,0.0
IGD+,DTLZ7,4,igd,0.0
R2,DTLZ7,4,igd,0.0
IGD+,DTLZ7,4,igd+,1.0
R2,DTLZ7,4,igd+,0.0
IGD+,DTLZ7,4,r2,0.0
R2,DTLZ7,4,r2,0.0
IGD+,DTLZ7,4,s-energy,0.0
R2,DTLZ7,4,s-energy,0.0
IGD+,DTLZ7,4,spd,0.0
R2,DTLZ7,4,spd,0.0
IGD+,WFG1,4,eps+,0.0
R2,WFG1,4,eps+,0.0
IGD+,WFG1,4,hv,0.0
R2,WFG1,4,hv,0.0
IGD+,WFG1,4,igd,0.0
R2,WFG1,4,igd,0.0
IGD+,WFG1,4,igd+,0.0
R2,WFG1,4,igd+,0.0
IGD+,WFG1,4,r2,0.0
R2,WFG1,4,r2,0.0
IGD+,WFG1,4,s-energy,0.0
R2,WFG1,4,s-energy,0.0
IGD+,WFG1,4,spd,0.0
R2,WFG1,4,spd,0.0
IGD+,WFG2,4,eps+,0.0
R2,WFG2,4,eps+,0.0
IGD+,WFG2,4,hv,0.0
R2,WFG2,4,hv,0.0
IGD+,WFG2,4,igd,0.0
R2,WFG2,4,igd,0.0
IGD+,WFG2,4,igd+,0.0
R2,WFG2,4,igd+,0.0
IGD+,WFG2,4,r2,0.0
R2,WFG2,4,r2,0.0
IGD+,WFG2,4,s-energy,0.0
R2,WFG2,4,s-energy,0.0
IGD+,WFG2,4,spd,0.0
R2,WFG2,4,spd,0.0
IGD+,WFG3,4,eps+,0.0
R2,WFG3,4,eps+,0.0
IGD+,WFG3,4,hv,0.0
R2,WFG3,4,hv,0.0
IGD+,WFG3,4,igd,0.0
R2,WFG3,4,igd,0.0
IGD+,WFG3,4,igd+,0.0
R2,WFG3,4,igd+,0.0
IGD+,WFG3,4,r2,1.0
R2,WFG3,4,r2,0.0
IGD+,WFG3,4,s-energy,0.0
R2,WFG3,4,s-energy,0.0
IGD+,WFG3,4,spd,0.0
R2,WFG3,4,spd,0.0
IGD+,WFG4,4,eps+,0.0
R2,WFG4,4,eps+,1.0
IGD+,WFG4,4,hv,1.0
R2,WFG4,4,hv,0.0
IGD+,WFG4,4,igd,1.0
R2,WFG4,4,igd,0.0
IGD+,WFG4,4,igd+,1.0
R2,WFG4,4,igd+,0.0
IGD+,WFG4,4,r2,1.0
R2,WFG4,4,r2,0.0
IGD+,WFG4,4,s-energy,0.0
R2,WFG4,4,s-energy,0.0
IGD+,WFG4,4,spd,0.0
R2,WFG4,4,spd,0.0
IGD+,WFG5,4,eps+,0.0
R2,WFG5,4,eps+,0.0
IGD+,WFG5,4,hv,1.0
R2,WFG5,4,hv,0.0
IGD+,WFG5,4,igd,1.0
R2,WFG5,4,igd,0.0
IGD+,WFG5,4,igd+,1.0
R2,WFG5,4,igd+,0.0
IGD+,WFG5,4,r2,0.0
R2,WFG5,4,r2,0.0
IGD+,WFG5,4,s-energy,1.0
R2,WFG5,4,s-energy,0.0
IGD+,WFG5,4,spd,1.0
R2,WFG5,4,spd,0.0
IGD+,WFG6,4,eps+,0.0
R2,WFG6,4,eps+,0.0
IGD+,WFG6,4,hv,1.0
R2,WFG6,4,hv,0.0
IGD+,WFG6,4,igd,1.0
R2,WFG6,4,igd,0.0
IGD+,WFG6,4,igd+,1.0
R2,WFG6,4,igd+,0.0
IGD+,WFG6,4,r2,1.0
R2,WFG6,4,r2,0.0
IGD+,WFG6,4,s-energy,0.0
R2,WFG6,4,s-energy,0.0
IGD+,WFG6,4,spd,0.0
R2,WFG6,4,spd,0.0
IGD+,WFG7,4,eps+,0.0
R2,WFG7,4,eps+,0.0
IGD+,WFG7,4,hv,1.0
R2,WFG7,4,hv,0.0
IGD+,WFG7,4,igd,1.0
R2,WFG7,4,igd,0.0
IGD+,WFG7,4,igd+,1.0
R2,WFG7,4,igd+,0.0
IGD+,WFG7,4,r2,1.0
R2,WFG7,4,r2,0.0
IGD+,WFG7,4,s-energy,1.0
R2,WFG7,4,s-energy,0.0
IGD+,WFG7,4,spd,1.0
R2,WFG7,4,spd,0.0
IGD+,WFG8,4,eps+,1.0
R2,WFG8,4,eps+,0.0
IGD+,WFG8,4,hv,1.0
R2,WFG8,4,hv,0.0
IGD+,WFG8,4,igd,1.0
R2,WFG8,4,igd,0.0
IGD+,WFG8,4,igd+,1.0
R2,WFG8,4,igd+,0.0
IGD+,WFG8,4,r2,0.0
R2,WFG8,4,r2,0.0
IGD+,WFG8,4,s-energy,0.0
R2,WFG8,4,s-energy,0.0
IGD+,WFG8,4,spd,0.0
R2,WFG8,4,spd,0.0
IGD+,WFG9,4,eps+,1.0
R2,WFG9,4,eps+,0.0
IGD+,WFG9,4,hv,1.0
R2,WFG9,4,hv,0.0
IGD+,WFG9,4,igd,1.0
R2,WFG9,4,igd,0.0
IGD+,WFG9,4,igd+,1.0
R2,WFG9,4,igd+,0.0
IGD+,WFG9,4,r2,1.0
R2,WFG9,4,r2,0.0
IGD+,WFG9,4,s-energy,1.0
R2,WFG9,4,s-energy,0.0
IGD+,WFG9,4,spd,0.0
R2,WFG9,4,spd,0.0
IGD+,DTLZ1,5,eps+,0.0
R2,DTLZ1,5,eps+,1.0
IGD+,DTLZ1,5,hv,0.0
R2,DTLZ1,5,hv,0.0
IGD+,DTLZ1,5,igd,1.0
R2,DTLZ1,5,igd,0.0
IGD+,DTLZ1,5,igd+,0.0
R2,DTLZ1,5,igd+,0.0
IGD+,DTLZ1,5,r2,0.0
R2,DTLZ1,5,r2,0.0
IGD+,DTLZ1,5,s-energy,0.0
R2,DTLZ1,5,s-energy,0.0
IGD+,DTLZ1,5,spd,0.0
R2,DTLZ1,5,spd,0.0
IGD+,DTLZ2,5,eps+,1.0
R2,DTLZ2,5,eps+,0.0
IGD+,DTLZ2,5,hv,1.0
R2,DTLZ2,5,hv,0.0
IGD+,DTLZ2,5,igd,1.0
R2,DTLZ2,5,igd,0.0
IGD+,DTLZ2,5,igd+,1.0
R2,DTLZ2,5,igd+,0.0
IGD+,DTLZ2,5,r2,1.0
R2,DTLZ2,5,r2,0.0
IGD+,DTLZ2,5,s-energy,1.0
R2,DTLZ2,5,s-energy,0.0
IGD+,DTLZ2,5,spd,1.0
R2,DTLZ2,5,spd,0.0
IGD+,DTLZ3,5,eps+,1.0
R2,DTLZ3,5,eps+,0.0
IGD+,DTLZ3,5,hv,1.0
R2,DTLZ3,5,hv,0.0
IGD+,DTLZ3,5,igd,0.0
R2,DTLZ3,5,igd,0.0
IGD+,DTLZ3,5,igd+,1.0
R2,DTLZ3,5,igd+,0.0
IGD+,DTLZ3,5,r2,0.0
R2,DTLZ3,5,r2,0.0
IGD+,DTLZ3,5,s-energy,1.0
R2,DTLZ3,5,s-energy,1.0
IGD+,DTLZ3,5,spd,1.0
R2,DTLZ3,5,spd,0.0
IGD+,DTLZ4,5,eps+,0.0
R2,DTLZ4,5,eps+,0.0
IGD+,DTLZ4,5,hv,0.0
R2,DTLZ4,5,hv,0.0
IGD+,DTLZ4,5,igd,0.0
R2,DTLZ4,5,igd,0.0
IGD+,DTLZ4,5,igd+,0.0
R2,DTLZ4,5,igd+,0.0
IGD+,DTLZ4,5,r2,0.0
R2,DTLZ4,5,r2,0.0
IGD+,DTLZ4,5,s-energy,0.0
R2,DTLZ4,5,s-energy,0.0
IGD+,DTLZ4,5,spd,0.0
R2,DTLZ4,5,spd,0.0
IGD+,DTLZ5,5,eps+,0.0
R2,DTLZ5,5,eps+,0.0
IGD+,DTLZ5,5,hv,0.0
R2,DTLZ5,5,hv,0.0
IGD+,DTLZ5,5,igd,0.0
R2,DTLZ5,5,igd,0.0
IGD+,DTLZ5,5,igd+,1.0
R2,DTLZ5,5,igd+,0.0
IGD+,DTLZ5,5,r2,0.0
R2,DTLZ5,5,r2,0.0
IGD+,DTLZ5,5,s-energy,0.0
R2,DTLZ5,5,s-energy,0.0
IGD+,DTLZ5,5,spd,0.0
R2,DTLZ5,5,spd,0.0
IGD+,DTLZ6,5,eps+,1.0
R2,DTLZ6,5,eps+,0.0
IGD+,DTLZ6,5,hv,1.0
R2,DTLZ6,5,hv,0.0
IGD+,DTLZ6,5,igd,1.0
R2,DTLZ6,5,igd,0.0
IGD+,DTLZ6,5,igd+,1.0
R2,DTLZ6,5,igd+,0.0
IGD+,DTLZ6,5,r2,1.0
R2,DTLZ6,5,r2,0.0
IGD+,DTLZ6,5,s-energy,1.0
R2,DTLZ6,5,s-energy,0.0
IGD+,DTLZ6,5,spd,1.0
R2,DTLZ6,5,spd,0.0
IGD+,DTLZ7,5,eps+,1.0
R2,DTLZ7,5,eps+,0.0
IGD+,DTLZ7,5,hv,1.0
R2,DTLZ7,5,hv,0.0
IGD+,DTLZ7,5,igd,1.0
R2,DTLZ7,5,igd,0.0
IGD+,DTLZ7,5,igd+,1.0
R2,DTLZ7,5,igd+,0.0
IGD+,DTLZ7,5,r2,1.0
R2,DTLZ7,5,r2,0.0
IGD+,DTLZ7,5,s-energy,1.0
R2,DTLZ7,5,s-energy,0.0
IGD+,DTLZ7,5,spd,1.0
R2,DTLZ7,5,spd,0.0
IGD+,WFG1,5,eps+,0.0
R2,WFG1,5,eps+,0.0
IGD+,WFG1,5,hv,0.0
R2,WFG1,5,hv,0.0
IGD+,WFG1,5,igd,0.0
R2,WFG1,5,igd,0.0
IGD+,WFG1,5,igd+,0.0
R2,WFG1,5,igd+,0.0
IGD+,WFG1,5,r2,0.0
R2,WFG1,5,r2,0.0
IGD+,WFG1,5,s-energy,0.0
R2,WFG1,5,s-energy,0.0
IGD+,WFG1,5,spd,0.0
R2,WFG1,5,spd,0.0
IGD+,WFG2,5,eps+,0.0
R2,WFG2,5,eps+,1.0
IGD+,WFG2,5,hv,0.0
R2,WFG2,5,hv,0.0
IGD+,WFG2,5,igd,0.0
R2,WFG2,5,igd,0.0
IGD+,WFG2,5,igd+,0.0
R2,WFG2,5,igd+,0.0
IGD+,WFG2,5,r2,0.0
R2,WFG2,5,r2,0.0
IGD+,WFG2,5,s-energy,0.0
R2,WFG2,5,s-energy,0.0
IGD+,WFG2,5,spd,0.0
R2,WFG2,5,spd,0.0
IGD+,WFG3,5,eps+,0.0
R2,WFG3,5,eps+,0.0
IGD+,WFG3,5,hv,0.0
R2,WFG3,5,hv,0.0
IGD+,WFG3,5,igd,0.0
R2,WFG3,5,igd,0.0
IGD+,WFG3,5,igd+,1.0
R2,WFG3,5,igd+,0.0
IGD+,WFG3,5,r2,0.0
R2,WFG3,5,r2,0.0
IGD+,WFG3,5,s-energy,0.0
R2,WFG3,5,s-energy,0.0
IGD+,WFG3,5,spd,0.0
R2,WFG3,5,spd,0.0
IGD+,WFG4,5,eps+,0.0
R2,WFG4,5,eps+,0.0
IGD+,WFG4,5,hv,1.0
R2,WFG4,5,hv,0.0
IGD+,WFG4,5,igd,0.0
R2,WFG4,5,igd,0.0
IGD+,WFG4,5,igd+,1.0
R2,WFG4,5,igd+,0.0
IGD+,WFG4,5,r2,0.0
R2,WFG4,5,r2,0.0
IGD+,WFG4,5,s-energy,1.0
R2,WFG4,5,s-energy,0.0
IGD+,WFG4,5,spd,0.0
R2,WFG4,5,spd,0.0
IGD+,WFG5,5,eps+,0.0
R2,WFG5,5,eps+,0.0
IGD+,WFG5,5,hv,1.0
R2,WFG5,5,hv,0.0
IGD+,WFG5,5,igd,0.0
R2,WFG5,5,igd,0.0
IGD+,WFG5,5,igd+,1.0
R2,WFG5,5,igd+,0.0
IGD+,WFG5,5,r2,0.0
R2,WFG5,5,r2,0.0
IGD+,WFG5,5,s-energy,0.0
R2,WFG5,5,s-energy,0.0
IGD+,WFG5,5,spd,0.0
R2,WFG5,5,spd,0.0
IGD+,WFG6,5,eps+,0.0
R2,WFG6,5,eps+,0.0
IGD+,WFG6,5,hv,1.0
R2,WFG6,5,hv,0.0
IGD+,WFG6,5,igd,0.0
R2,WFG6,5,igd,0.0
IGD+,WFG6,5,igd+,1.0
R2,WFG6,5,igd+,0.0
IGD+,WFG6,5,r2,1.0
R2,WFG6,5,r2,0.0
IGD+,WFG6,5,s-energy,0.0
R2,WFG6,5,s-energy,0.0
IGD+,WFG6,5,spd,0.0
R2,WFG6,5,spd,0.0
IGD+,WFG7,5,eps+,1.0
R2,WFG7,5,eps+,0.0
IGD+,WFG7,5,hv,1.0
R2,WFG7,5,hv,0.0
IGD+,WFG7,5,igd,0.0
R2,WFG7,5,igd,0.0
IGD+,WFG7,5,igd+,1.0
R2,WFG7,5,igd+,0.0
IGD+,WFG7,5,r2,0.0
R2,WFG7,5,r2,0.0
IGD+,WFG7,5,s-energy,1.0
R2,WFG7,5,s-energy,0.0
IGD+,WFG7,5,spd,1.0
R2,WFG7,5,spd,0.0
IGD+,WFG8,5,eps+,1.0
R2,WFG8,5,eps+,0.0
IGD+,WFG8,5,hv,1.0
R2,WFG8,5,hv,0.0
IGD+,WFG8,5,igd,0.0
R2,WFG8,5,igd,0.0
IGD+,WFG8,5,igd+,0.0
R2,WFG8,5,igd+,0.0
IGD+,WFG8,5,r2,0.0
R2,WFG8,5,r2,0.0
IGD+,WFG8,5,s-energy,1.0
R2,WFG8,5,s-energy,0.0
IGD+,WFG8,5,spd,1.0
R2,WFG8,5,spd,0.0
IGD+,WFG9,5,eps+,1.0
R2,WFG9,5,eps+,0.0
IGD+,WFG9,5,hv,1.0
R2,WFG9,5,hv,0.0
IGD+,WFG9,5,igd,0.0
R2,WFG9,5,igd,0.0
IGD+,WFG9,5,igd+,1.0
R2,WFG9,5,igd+,0.0
IGD+,WFG9,5,r2,0.0
R2,WFG9,5,r2,0.0
IGD+,WFG9,5,s-energy,0.0
R2,WFG9,5,s-energy,0.0
IGD+,WFG9,5,spd,0.0
R2,WFG9,5,spd,0.0
IGD+,DTLZ1,6,eps+,0.0
R2,DTLZ1,6,eps+,1.0
IGD+,DTLZ1,6,hv,0.0
R2,DTLZ1,6,hv,0.0
IGD+,DTLZ1,6,igd,1.0
R2,DTLZ1,6,igd,1.0
IGD+,DTLZ1,6,igd+,1.0
R2,DTLZ1,6,igd+,1.0
IGD+,DTLZ1,6,r2,0.0
R2,DTLZ1,6,r2,1.0
IGD+,DTLZ1,6,s-energy,1.0
R2,DTLZ1,6,s-energy,0.0
IGD+,DTLZ1,6,spd,1.0
R2,DTLZ1,6,spd,0.0
IGD+,DTLZ2,6,eps+,1.0
R2,DTLZ2,6,eps+,0.0
IGD+,DTLZ2,6,hv,1.0
R2,DTLZ2,6,hv,0.0
IGD+,DTLZ2,6,igd,1.0
R2,DTLZ2,6,igd,0.0
IGD+,DTLZ2,6,igd+,1.0
R2,DTLZ2,6,igd+,0.0
IGD+,DTLZ2,6,r2,1.0
R2,DTLZ2,6,r2,0.0
IGD+,DTLZ2,6,s-energy,1.0
R2,DTLZ2,6,s-energy,0.0
IGD+,DTLZ2,6,spd,1.0
R2,DTLZ2,6,spd,0.0
IGD+,DTLZ3,6,eps+,0.0
R2,DTLZ3,6,eps+,0.0
IGD+,DTLZ3,6,hv,0.0
R2,DTLZ3,6,hv,0.0
IGD+,DTLZ3,6,igd,0.0
R2,DTLZ3,6,igd,0.0
IGD+,DTLZ3,6,igd+,0.0
R2,DTLZ3,6,igd+,0.0
IGD+,DTLZ3,6,r2,0.0
R2,DTLZ3,6,r2,0.0
IGD+,DTLZ3,6,s-energy,0.0
R2,DTLZ3,6,s-energy,0.0
IGD+,DTLZ3,6,spd,0.0
R2,DTLZ3,6,spd,0.0
IGD+,DTLZ4,6,eps+,0.0
R2,DTLZ4,6,eps+,0.0
IGD+,DTLZ4,6,hv,0.0
R2,DTLZ4,6,hv,0.0
IGD+,DTLZ4,6,igd,0.0
R2,DTLZ4,6,igd,0.0
IGD+,DTLZ4,6,igd+,0.0
R2,DTLZ4,6,igd+,0.0
IGD+,DTLZ4,6,r2,0.0
R2,DTLZ4,6,r2,0.0
IGD+,DTLZ4,6,s-energy,0.0
R2,DTLZ4,6,s-energy,0.0
IGD+,DTLZ4,6,spd,0.0
R2,DTLZ4,6,spd,0.0
IGD+,DTLZ5,6,eps+,0.0
R2,DTLZ5,6,eps+,0.0
IGD+,DTLZ5,6,hv,1.0
R2,DTLZ5,6,hv,0.0
IGD+,DTLZ5,6,igd,0.0
R2,DTLZ5,6,igd,0.0
IGD+,DTLZ5,6,igd+,0.0
R2,DTLZ5,6,igd+,0.0
IGD+,DTLZ5,6,r2,0.0
R2,DTLZ5,6,r2,0.0
IGD+,DTLZ5,6,s-energy,0.0
R2,DTLZ5,6,s-energy,0.0
IGD+,DTLZ5,6,spd,0.0
R2,DTLZ5,6,spd,0.0
IGD+,DTLZ6,6,eps+,1.0
R2,DTLZ6,6,eps+,0.0
IGD+,DTLZ6,6,hv,0.0
R2,DTLZ6,6,hv,0.0
IGD+,DTLZ6,6,igd,1.0
R2,DTLZ6,6,igd,0.0
IGD+,DTLZ6,6,igd+,1.0
R2,DTLZ6,6,igd+,0.0
IGD+,DTLZ6,6,r2,1.0
R2,DTLZ6,6,r2,0.0
IGD+,DTLZ6,6,s-energy,1.0
R2,DTLZ6,6,s-energy,0.0
IGD+,DTLZ6,6,spd,0.0
R2,DTLZ6,6,spd,0.0
IGD+,DTLZ7,6,eps+,1.0
R2,DTLZ7,6,eps+,0.0
IGD+,DTLZ7,6,hv,1.0
R2,DTLZ7,6,hv,0.0
IGD+,DTLZ7,6,igd,1.0
R2,DTLZ7,6,igd,0.0
IGD+,DTLZ7,6,igd+,1.0
R2,DTLZ7,6,igd+,0.0
IGD+,DTLZ7,6,r2,1.0
R2,DTLZ7,6,r2,0.0
IGD+,DTLZ7,6,s-energy,1.0
R2,DTLZ7,6,s-energy,0.0
IGD+,DTLZ7,6,spd,1.0
R2,DTLZ7,6,spd,0.0
IGD+,WFG1,6,eps+,0.0
R2,WFG1,6,eps+,0.0
IGD+,WFG1,6,hv,0.0
R2,WFG1,6,hv,0.0
IGD+,WFG1,6,igd,0.0
R2,WFG1,6,igd,0.0
IGD+,WFG1,6,igd+,0.0
R2,WFG1,6,igd+,0.0
IGD+,WFG1,6,r2,0.0
R2,WFG1,6,r2,0.0
IGD+,WFG1,6,s-energy,0.0
R2,WFG1,6,s-energy,0.0
IGD+,WFG1,6,spd,0.0
R2,WFG1,6,spd,0.0
IGD+,WFG2,6,eps+,0.0
R2,WFG2,6,eps+,0.0
IGD+,WFG2,6,hv,0.0
R2,WFG2,6,hv,0.0
IGD+,WFG2,6,igd,0.0
R2,WFG2,6,igd,0.0
IGD+,WFG2,6,igd+,0.0
R2,WFG2,6,igd+,0.0
IGD+,WFG2,6,r2,0.0
R2,WFG2,6,r2,0.0
IGD+,WFG2,6,s-energy,0.0
R2,WFG2,6,s-energy,0.0
IGD+,WFG2,6,spd,0.0
R2,WFG2,6,spd,0.0
IGD+,WFG3,6,eps+,0.0
R2,WFG3,6,eps+,0.0
IGD+,WFG3,6,hv,0.0
R2,WFG3,6,hv,0.0
IGD+,WFG3,6,igd,0.0
R2,WFG3,6,igd,0.0
IGD+,WFG3,6,igd+,1.0
R2,WFG3,6,igd+,0.0
IGD+,WFG3,6,r2,0.0
R2,WFG3,6,r2,0.0
IGD+,WFG3,6,s-energy,0.0
R2,WFG3,6,s-energy,0.0
IGD+,WFG3,6,spd,0.0
R2,WFG3,6,spd,0.0
IGD+,WFG4,6,eps+,0.0
R2,WFG4,6,eps+,0.0
IGD+,WFG4,6,hv,1.0
R2,WFG4,6,hv,0.0
IGD+,WFG4,6,igd,1.0
R2,WFG4,6,igd,0.0
IGD+,WFG4,6,igd+,1.0
R2,WFG4,6,igd+,0.0
IGD+,WFG4,6,r2,0.0
R2,WFG4,6,r2,0.0
IGD+,WFG4,6,s-energy,0.0
R2,WFG4,6,s-energy,0.0
IGD+,WFG4,6,spd,0.0
R2,WFG4,6,spd,0.0
IGD+,WFG5,6,eps+,1.0
R2,WFG5,6,eps+,0.0
IGD+,WFG5,6,hv,1.0
R2,WFG5,6,hv,0.0
IGD+,WFG5,6,igd,1.0
R2,WFG5,6,igd,0.0
IGD+,WFG5,6,igd+,1.0
R2,WFG5,6,igd+,0.0
IGD+,WFG5,6,r2,0.0
R2,WFG5,6,r2,0.0
IGD+,WFG5,6,s-energy,1.0
R2,WFG5,6,s-energy,0.0
IGD+,WFG5,6,spd,1.0
R2,WFG5,6,spd,0.0
IGD+,WFG6,6,eps+,1.0
R2,WFG6,6,eps+,0.0
IGD+,WFG6,6,hv,0.0
R2,WFG6,6,hv,0.0
IGD+,WFG6,6,igd,1.0
R2,WFG6,6,igd,0.0
IGD+,WFG6,6,igd+,1.0
R2,WFG6,6,igd+,0.0
IGD+,WFG6,6,r2,1.0
R2,WFG6,6,r2,0.0
IGD+,WFG6,6,s-energy,1.0
R2,WFG6,6,s-energy,0.0
IGD+,WFG6,6,spd,0.0
R2,WFG6,6,spd,0.0
IGD+,WFG7,6,eps+,1.0
R2,WFG7,6,eps+,0.0
IGD+,WFG7,6,hv,1.0
R2,WFG7,6,hv,0.0
IGD+,WFG7,6,igd,1.0
R2,WFG7,6,igd,0.0
IGD+,WFG7,6,igd+,1.0
R2,WFG7,6,igd+,0.0
IGD+,WFG7,6,r2,0.0
R2,WFG7,6,r2,0.0
IGD+,WFG7,6,s-energy,0.0
R2,WFG7,6,s-energy,0.0
IGD+,WFG7,6,spd,0.0
R2,WFG7,6,spd,0.0
IGD+,WFG8,6,eps+,1.0
R2,WFG8,6,eps+,0.0
IGD+,WFG8,6,hv,1.0
R2,WFG8,6,hv,0.0
IGD+,WFG8,6,igd,0.0
R2,WFG8,6,igd,0.0
IGD+,WFG8,6,igd+,0.0
R2,WFG8,6,igd+,0.0
IGD+,WFG8,6,r2,1.0
R2,WFG8,6,r2,0.0
IGD+,WFG8,6,s-energy,0.0
R2,WFG8,6,s-energy,0.0
IGD+,WFG8,6,spd,0.0
R2,WFG8,6,spd,0.0
IGD+,WFG9,6,eps+,1.0
R2,WFG9,6,eps+,0.0
IGD+,WFG9,6,hv,1.0
R2,WFG9,6,hv,0.0
IGD+,WFG9,6,igd,1.0
R2,WFG9,6,igd,0.0
IGD+,WFG9,6,igd+,1.0
R2,WFG9,6,igd+,0.0
IGD+,WFG9,6,r2,1.0
R2,WFG9,6,r2,0.0
IGD+,WFG9,6,s-energy,1.0
R2,WFG9,6,s-energy,0.0
IGD+,WFG9,6,spd,0.0
R2,WFG9,6,spd,0.0
IGD+,DTLZ1,7,eps+,0.0
R2,DTLZ1,7,eps+,0.0
IGD+,DTLZ1,7,hv,1.0
R2,DTLZ1,7,hv,0.0
IGD+,DTLZ1,7,igd,0.0
R2,DTLZ1,7,igd,0.0
IGD+,DTLZ1,7,igd+,1.0
R2,DTLZ1,7,igd+,0.0
IGD+,DTLZ1,7,r2,0.0
R2,DTLZ1,7,r2,0.0
IGD+,DTLZ1,7,s-energy,0.0
R2,DTLZ1,7,s-energy,0.0
IGD+,DTLZ1,7,spd,0.0
R2,DTLZ1,7,spd,0.0
IGD+,DTLZ2,7,eps+,1.0
R2,DTLZ2,7,eps+,0.0
IGD+,DTLZ2,7,hv,1.0
R2,DTLZ2,7,hv,0.0
IGD+,DTLZ2,7,igd,1.0
R2,DTLZ2,7,igd,0.0
IGD+,DTLZ2,7,igd+,1.0
R2,DTLZ2,7,igd+,0.0
IGD+,DTLZ2,7,r2,1.0
R2,DTLZ2,7,r2,0.0
IGD+,DTLZ2,7,s-energy,1.0
R2,DTLZ2,7,s-energy,0.0
IGD+,DTLZ2,7,spd,1.0
R2,DTLZ2,7,spd,0.0
IGD+,DTLZ3,7,eps+,0.0
R2,DTLZ3,7,eps+,0.0
IGD+,DTLZ3,7,hv,0.0
R2,DTLZ3,7,hv,0.0
IGD+,DTLZ3,7,igd,0.0
R2,DTLZ3,7,igd,0.0
IGD+,DTLZ3,7,igd+,0.0
R2,DTLZ3,7,igd+,0.0
IGD+,DTLZ3,7,r2,0.0
R2,DTLZ3,7,r2,0.0
IGD+,DTLZ3,7,s-energy,0.0
R2,DTLZ3,7,s-energy,0.0
IGD+,DTLZ3,7,spd,0.0
R2,DTLZ3,7,spd,0.0
IGD+,DTLZ4,7,eps+,0.0
R2,DTLZ4,7,eps+,0.0
IGD+,DTLZ4,7,hv,0.0
R2,DTLZ4,7,hv,0.0
IGD+,DTLZ4,7,igd,0.0
R2,DTLZ4,7,igd,0.0
IGD+,DTLZ4,7,igd+,0.0
R2,DTLZ4,7,igd+,0.0
IGD+,DTLZ4,7,r2,0.0
R2,DTLZ4,7,r2,0.0
IGD+,DTLZ4,7,s-energy,0.0
R2,DTLZ4,7,s-energy,0.0
IGD+,DTLZ4,7,spd,0.0
R2,DTLZ4,7,spd,0.0
IGD+,DTLZ5,7,eps+,0.0
R2,DTLZ5,7,eps+,0.0
IGD+,DTLZ5,7,hv,1.0
R2,DTLZ5,7,hv,0.0
IGD+,DTLZ5,7,igd,1.0
R2,DTLZ5,7,igd,1.0
IGD+,DTLZ5,7,igd+,1.0
R2,DTLZ5,7,igd+,0.0
IGD+,DTLZ5,7,r2,0.0
R2,DTLZ5,7,r2,0.0
IGD+,DTLZ5,7,s-energy,1.0
R2,DTLZ5,7,s-energy,0.0
IGD+,DTLZ5,7,spd,1.0
R2,DTLZ5,7,spd,0.0
IGD+,DTLZ6,7,eps+,1.0
R2,DTLZ6,7,eps+,0.0
IGD+,DTLZ6,7,hv,
R2,DTLZ6,7,hv,0.0
IGD+,DTLZ6,7,igd,1.0
R2,DTLZ6,7,igd,0.0
IGD+,DTLZ6,7,igd+,1.0
R2,DTLZ6,7,igd+,0.0
IGD+,DTLZ6,7,r2,1.0
R2,DTLZ6,7,r2,0.0
IGD+,DTLZ6,7,s-energy,1.0
R2,DTLZ6,7,s-energy,0.0
IGD+,DTLZ6,7,spd,0.0
R2,DTLZ6,7,spd,1.0
IGD+,DTLZ7,7,eps+,1.0
R2,DTLZ7,7,eps+,0.0
IGD+,DTLZ7,7,hv,1.0
R2,DTLZ7,7,hv,0.0
IGD+,DTLZ7,7,igd,1.0
R2,DTLZ7,7,igd,0.0
IGD+,DTLZ7,7,igd+,1.0
R2,DTLZ7,7,igd+,0.0
IGD+,DTLZ7,7,r2,1.0
R2,DTLZ7,7,r2,0.0
IGD+,DTLZ7,7,s-energy,1.0
R2,DTLZ7,7,s-energy,0.0
IGD+,DTLZ7,7,spd,1.0
R2,DTLZ7,7,spd,0.0
IGD+,WFG1,7,eps+,0.0
R2,WFG1,7,eps+,0.0
IGD+,WFG1,7,hv,0.0
R2,WFG1,7,hv,0.0
IGD+,WFG1,7,igd,0.0
R2,WFG1,7,igd,0.0
IGD+,WFG1,7,igd+,1.0
R2,WFG1,7,igd+,0.0
IGD+,WFG1,7,r2,0.0
R2,WFG1,7,r2,0.0
IGD+,WFG1,7,s-energy,0.0
R2,WFG1,7,s-energy,0.0
IGD+,WFG1,7,spd,0.0
R2,WFG1,7,spd,0.0
IGD+,WFG2,7,eps+,0.0
R2,WFG2,7,eps+,0.0
IGD+,WFG2,7,hv,0.0
R2,WFG2,7,hv,0.0
IGD+,WFG2,7,igd,0.0
R2,WFG2,7,igd,0.0
IGD+,WFG2,7,igd+,0.0
R2,WFG2,7,igd+,0.0
IGD+,WFG2,7,r2,0.0
R2,WFG2,7,r2,0.0
IGD+,WFG2,7,s-energy,0.0
R2,WFG2,7,s-energy,0.0
IGD+,WFG2,7,spd,0.0
R2,WFG2,7,spd,0.0
IGD+,WFG3,7,eps+,0.0
R2,WFG3,7,eps+,0.0
IGD+,WFG3,7,hv,0.0
R2,WFG3,7,hv,0.0
IGD+,WFG3,7,igd,0.0
R2,WFG3,7,igd,0.0
IGD+,WFG3,7,igd+,0.0
R2,WFG3,7,igd+,0.0
IGD+,WFG3,7,r2,0.0
R2,WFG3,7,r2,0.0
IGD+,WFG3,7,s-energy,0.0
R2,WFG3,7,s-energy,0.0
IGD+,WFG3,7,spd,0.0
R2,WFG3,7,spd,0.0
IGD+,WFG4,7,eps+,0.0
R2,WFG4,7,eps+,0.0
IGD+,WFG4,7,hv,1.0
R2,WFG4,7,hv,0.0
IGD+,WFG4,7,igd,1.0
R2,WFG4,7,igd,0.0
IGD+,WFG4,7,igd+,1.0
R2,WFG4,7,igd+,0.0
IGD+,WFG4,7,r2,1.0
R2,WFG4,7,r2,0.0
IGD+,WFG4,7,s-energy,1.0
R2,WFG4,7,s-energy,0.0
IGD+,WFG4,7,spd,1.0
R2,WFG4,7,spd,0.0
IGD+,WFG5,7,eps+,1.0
R2,WFG5,7,eps+,0.0
IGD+,WFG5,7,hv,1.0
R2,WFG5,7,hv,0.0
IGD+,WFG5,7,igd,1.0
R2,WFG5,7,igd,0.0
IGD+,WFG5,7,igd+,1.0
R2,WFG5,7,igd+,0.0
IGD+,WFG5,7,r2,1.0
R2,WFG5,7,r2,0.0
IGD+,WFG5,7,s-energy,1.0
R2,WFG5,7,s-energy,0.0
IGD+,WFG5,7,spd,0.0
R2,WFG5,7,spd,0.0
IGD+,WFG6,7,eps+,0.0
R2,WFG6,7,eps+,0.0
IGD+,WFG6,7,hv,0.0
R2,WFG6,7,hv,0.0
IGD+,WFG6,7,igd,0.0
R2,WFG6,7,igd,0.0
IGD+,WFG6,7,igd+,1.0
R2,WFG6,7,igd+,0.0
IGD+,WFG6,7,r2,0.0
R2,WFG6,7,r2,0.0
IGD+,WFG6,7,s-energy,1.0
R2,WFG6,7,s-energy,0.0
IGD+,WFG6,7,spd,0.0
R2,WFG6,7,spd,0.0
IGD+,WFG7,7,eps+,1.0
R2,WFG7,7,eps+,0.0
IGD+,WFG7,7,hv,1.0
R2,WFG7,7,hv,0.0
IGD+,WFG7,7,igd,1.0
R2,WFG7,7,igd,0.0
IGD+,WFG7,7,igd+,1.0
R2,WFG7,7,igd+,0.0
IGD+,WFG7,7,r2,0.0
R2,WFG7,7,r2,0.0
IGD+,WFG7,7,s-energy,1.0
R2,WFG7,7,s-energy,0.0
IGD+,WFG7,7,spd,0.0
R2,WFG7,7,spd,0.0
IGD+,WFG8,7,eps+,1.0
R2,WFG8,7,eps+,0.0
IGD+,WFG8,7,hv,1.0
R2,WFG8,7,hv,0.0
IGD+,WFG8,7,igd,0.0
R2,WFG8,7,igd,0.0
IGD+,WFG8,7,igd+,1.0
R2,WFG8,7,igd+,0.0
IGD+,WFG8,7,r2,1.0
R2,WFG8,7,r2,0.0
IGD+,WFG8,7,s-energy,1.0
R2,WFG8,7,s-energy,0.0
IGD+,WFG8,7,spd,0.0
R2,WFG8,7,spd,0.0
IGD+,WFG9,7,eps+,1.0
R2,WFG9,7,eps+,0.0
IGD+,WFG9,7,hv,1.0
R2,WFG9,7,hv,0.0
IGD+,WFG9,7,igd,0.0
R2,WFG9,7,igd,0.0
IGD+,WFG9,7,igd+,1.0
R2,WFG9,7,igd+,0.0
IGD+,WFG9,7,r2,1.0
R2,WFG9,7,r2,0.0
IGD+,WFG9,7,s-energy,1.0
R2,WFG9,7,s-energy,0.0
IGD+,WFG9,7,spd,0.0
R2,WFG9,7,spd,0.0
